{
  "levels": [
    {
      "level": 1,
      "levelName": "Stage 1: The Beginning",
      "bgm": "bgm_stage1.mp3",
      "visualTheme": "space_default",
      "enemyFormation": {
        "formationWidth": 5,
        "formationHeight": 4,
        "baseSpeed": 60,
        "shootingFrecuency": 2000
      },
      "enemyTypes": [
        { "type": "enemyA", "count": 10 },
        { "type": "enemyB", "count": 10 }
      ],
      "itemDrops": [
        { "enemyType": "enemyB", "itemId": "multi_shot", "dropChance": 0.1 }
      ],
      "completionBonus": {
        "currency": 100
      },
      "achievementTrigger": "clear_stage_1"
    },
    {
      "level": 2,
      "levelName": "Stage 2: Asteroid Belt",
      "bgm": "bgm_stage2.mp3",
      "visualTheme": "asteroid",
      "specialGimmick": "bouncing_bullets",
      "enemyFormation": {
        "formationWidth": 6,
        "formationHeight": 5,
        "baseSpeed": 50,
        "shootingFrecuency": 1500
      },
      "enemyTypes": [
        { "type": "enemyA", "count": 10 },
        { "type": "enemyB", "count": 10 },
        { "type": "enemyC", "count": 5 }
      ],
      "itemDrops": [
        { "enemyType": "enemyC", "itemId": "extra_life", "dropChance": 0.05 }
      ],
      "completionBonus": {
        "currency": 150
      },
      "achievementTrigger": "clear_stage_2_no_hit"
    },
    {
      "level": 3,
      "levelName": "Boss Battle: The Mothership",
      "bgm": "bgm_boss1.mp3",
      "visualTheme": "boss_hangar",
      "bossId": "mothership_alpha",
      "itemDrops": [
        { "bossId": "mothership_alpha", "itemId": "penetrating_shot", "dropChance": 1.0 }
      ],
      "completionBonus": {
        "currency": 500
      },
      "achievementTrigger": "defeat_mothership_alpha"
    },
    {
      "level": 99,
      "levelName": "Hidden Stage: Easter Egg",
      "unlockCondition": "clear_stage_5_with_100%_accuracy",
      "bgm": "bgm_hidden.mp3",
      "visualTheme": "glitch"
    }
  ]
}