{
  "levels": [
    {
      "level": 1,
      "levelName": "Stage 1",
      "bgm": "bgm_stage_default.mp3",
      "visualTheme": "space_default",
      "enemyFormation": {
        "formationWidth": 5,
        "formationHeight": 4,
        "baseSpeed": 60,
        "shootingFrecuency": 2000
      },
      "enemyTypes": [
        { "type": "enemyA", "count": 20 }
      ],
      "completionBonus": { "currency": 100 }
    },
    {
      "level": 2,
      "levelName": "Stage 2",
      "bgm": "bgm_stage_default.mp3",
      "visualTheme": "space_default",
      "enemyFormation": {
        "formationWidth": 5,
        "formationHeight": 5,
        "baseSpeed": 50,
        "shootingFrecuency": 2500
      },
      "enemyTypes": [
        { "type": "enemyA", "count": 15 },
        { "type": "enemyB", "count": 10 }
      ],
      "completionBonus": { "currency": 150 }
    },
    {
      "level": 3,
      "levelName": "Stage 3",
      "bgm": "bgm_stage_default.mp3",
      "visualTheme": "space_default",
      "enemyFormation": {
        "formationWidth": 6,
        "formationHeight": 5,
        "baseSpeed": 40,
        "shootingFrecuency": 1500
      },
      "enemyTypes": [
        { "type": "enemyA", "count": 15 },
        { "type": "enemyB", "count": 15 }
      ],
      "itemDrops": [
        { "enemyType": "enemyB", "itemId": "extra_life", "dropChance": 0.05 }
      ],
      "completionBonus": { "currency": 200 }
    },
    {
      "level": 4,
      "levelName": "Stage 4",
      "bgm": "bgm_stage_default.mp3",
      "visualTheme": "asteroid",
      "enemyFormation": {
        "formationWidth": 6,
        "formationHeight": 6,
        "baseSpeed": 30,
        "shootingFrecuency": 1500
      },
      "enemyTypes": [
        { "type": "enemyA", "count": 18 },
        { "type": "enemyB", "count": 18 }
      ],
      "completionBonus": { "currency": 250 }
    },
    {
      "level": 5,
      "levelName": "Stage 5",
      "bgm": "bgm_stage_default.mp3",
      "visualTheme": "asteroid",
      "enemyFormation": {
        "formationWidth": 7,
        "formationHeight": 6,
        "baseSpeed": 20,
        "shootingFrecuency": 1000
      },
      "enemyTypes": [
        { "type": "enemyA", "count": 14 },
        { "type": "enemyB", "count": 14 },
        { "type": "enemyC", "count": 14 }
      ],
      "itemDrops": [
        { "enemyType": "enemyC", "itemId": "multi_shot", "dropChance": 0.1 }
      ],
      "completionBonus": { "currency": 300 }
    },
    {
      "level": 6,
      "levelName": "Stage 6",
      "bgm": "bgm_stage_default.mp3",
      "visualTheme": "boss_hangar",
      "enemyFormation": {
        "formationWidth": 7,
        "formationHeight": 7,
        "baseSpeed": 10,
        "shootingFrecuency": 1000
      },
      "enemyTypes": [
        { "type": "enemyB", "count": 25 },
        { "type": "enemyC", "count": 24 }
      ],
      "completionBonus": { "currency": 400 }
    },
    {
      "level": 7,
      "levelName": "Stage 7",
      "bgm": "bgm_stage_default.mp3",
      "visualTheme": "boss_hangar",
      "enemyFormation": {
        "formationWidth": 8,
        "formationHeight": 7,
        "baseSpeed": 2,
        "shootingFrecuency": 500
      },
      "enemyTypes": [
        { "type": "enemyA", "count": 10 },
        { "type": "enemyB", "count": 23 },
        { "type": "enemyC", "count": 23 }
      ],
      "itemDrops": [
        { "enemyType": "enemyC", "itemId": "penetrating_shot", "dropChance": 0.1 }
      ],
      "completionBonus": { "currency": 500 }
    }
  ]
}